{
  "$schema": "http://json-schema.org/draft-04/schema#",
  "id": "http://aws-iot-automotive.com/edgeConfiguration",
  "type": "object",
  "additionalProperties": false,
  "title": "IoTFleetWise Persistency Metadata",
  "description": "The persistency metadata schema. Payloads are stored in separate files",
  "properties": {
    "version": {
      "type": "string",
      "description": "Schema Version"
    },
    "files": {
      "type": "array",
      "additionalProperties": false,
      "description": "Persisted payload filenames with associated metadata",
      "items": {
        "type": "object",
        "additionalProperties": false,
        "properties": {
          "filename": {
            "type": "string",
            "description": "Payload filename"
          },
          "payloadSize": {
            "type": "number",
            "description": "Payload size is used to validate that payload was persisted completely"
          },
          "compressionRequired": {
            "type": "boolean",
            "description": "Specifies if payload compression was required by campaign"
          },
          "s3UploadMetadata": {
            "type": "object",
            "additionalProperties": false,
            "properties": {
              "bucketName": {
                "type": "string",
                "description": "S3 bucket name set in campaign"
              },
              "bucketOwner": {
                "type": "string",
                "description": "Account ID of the bucket owner"
              },
              "region": {
                "type": "string",
                "description": "Region of S3 bucket set in campaign"
              },
              "uploadID": {
                "type": "string",
                "description": "Upload ID for multipart upload"
              },
              "partNumber": {
                "type": "number",
                "description": "ID of multipart for multipart upload"
              }
            },
            "required": ["bucketName", "region"]
          }
        },
        "required": ["filename", "payloadSize", "compressionRequired"]
      }
    }
  },
  "required": ["version", "files"]
}
