{
  "version": "1.0",
  "networkInterfaces": [
    {
      "interfaceId": "1",
      "type": "canInterface",
      "canInterface": {
        "interfaceName": "can0",
        "protocolName": "CAN",
        "protocolVersion": "2.0A"
      }
    },
    {
      "interfaceId": "0",
      "type": "obdInterface",
      "obdInterface": {
        "interfaceName": "can0",
        "pidRequestIntervalSeconds": 5,
        "dtcRequestIntervalSeconds": 5,
        "broadcastRequests": true,
        "obdStandard": "J1979"
      }
    }
  ],
  "staticConfig": {
    "bufferSizes": {
      "dtcBufferSize": 100,
      "decodedSignalsBufferSize": 10000,
      "rawCANFrameBufferSize": 10000
    },
    "threadIdleTimes": {
      "inspectionThreadIdleTimeMs": 50,
      "socketCANThreadIdleTimeMs": 50,
      "canDecoderThreadIdleTimeMs": 50
    },
    "persistency": {
      "persistencyPath": "/var/aws-iot-fleetwise/",
      "persistencyPartitionMaxSize": 524288,
      "persistencyUploadRetryIntervalMs": 10000
    },
    "internalParameters": {
      "readyToPublishDataBufferSize": 10000,
      "systemWideLogLevel": "Info",
      "maximumAwsSdkHeapMemoryBytes": 10000000,
      "logColor": "Yes"
    },
    "publishToCloudParameters": {
      "maxPublishMessageCount": 1000,
      "collectionSchemeManagementCheckinIntervalMs": 5000
    },
    "mqttConnection": {
      "connectionType": "iotCore",
      "endpointUrl": "a3c5ra5u5fntft-ats.iot.us-east-1.amazonaws.com",
      "clientId": "fwdemo-s32g",
      "collectionSchemeListTopic": "$aws/iotfleetwise/vehicles/fwdemo-s32g/collection_schemes",
      "decoderManifestTopic": "$aws/iotfleetwise/vehicles/fwdemo-s32g/decoder_manifests",
      "canDataTopic": "$aws/iotfleetwise/vehicles/fwdemo-s32g/signals",
      "checkinTopic": "$aws/iotfleetwise/vehicles/fwdemo-s32g/checkins",
      "certificateFilename": "/etc/aws-iot-fleetwise/certificate.pem",
      "privateKeyFilename": "/etc/aws-iot-fleetwise/private-key.key"
    },
    "credentialsProvider": {
      "endpointUrl": "my-endpoint.credentials.iot.my-region.amazonaws.com",
      "roleAlias": "my-role-alias"
    },
    "s3Upload": {
      "maxEnvelopeSize": 104857600,
      "multipartSize": 5242880,
      "maxConnections": 2
    },
    "visionSystemDataCollection": {
      "rawDataBuffer": {
        "maxSize": 1073741824,
        "reservedSizePerSignal": 5242880
      }
    }
  }
}
