{
  "version": "1.0",
  "networkInterfaces": [
    {
      "canInterface": {
        "interfaceName": "vcan0",
        "protocolName": "CAN",
        "protocolVersion": "2.0A"
      },
      "interfaceId": "1",
      "type": "canInterface"
    },
    {
      "obdInterface": {
        "interfaceName": "vcan0",
        "obdStandard": "J1979",
        "pidRequestIntervalSeconds": 0,
        "dtcRequestIntervalSeconds": 0,
        "broadcastRequests": true
      },
      "interfaceId": "2",
      "type": "obdInterface"
    }
  ],
  "staticConfig": {
    "bufferSizes": {
      "dtcBufferSize": 100,
      "decodedSignalsBufferSize": 10000,
      "rawCANFrameBufferSize": 10000
    },
    "threadIdleTimes": {
      "inspectionThreadIdleTimeMs": 50,
      "socketCANThreadIdleTimeMs": 50,
      "canDecoderThreadIdleTimeMs": 50
    },
    "persistency": {
      "persistencyPath": "/path/to/collection-scheme-and-data-persistency",
      "persistencyPartitionMaxSize": 524288,
      "persistencyUploadRetryIntervalMs": 10000
    },
    "internalParameters": {
      "readyToPublishDataBufferSize": 10000,
      "systemWideLogLevel": "Trace",
      "maximumAwsSdkHeapMemoryBytes": 10000000
    },
    "publishToCloudParameters": {
      "maxPublishMessageCount": 1000,
      "collectionSchemeManagementCheckinIntervalMs": 120000
    },
    "mqttConnection": {
      "connectionType": "iotCore",
      "endpointUrl": "my-endpoint.my-region.amazonaws.com",
      "clientId": "VEHICLE_ID_GOES_HERE",
      "collectionSchemeListTopic": "$aws/iotfleetwise/vehicles/VEHICLE_ID_GOES_HERE/collection_schemes",
      "decoderManifestTopic": "$aws/iotfleetwise/vehicles/VEHICLE_ID_GOES_HERE/decoder_manifests",
      "canDataTopic": "$aws/iotfleetwise/vehicles/VEHICLE_ID_GOES_HERE/signals",
      "checkinTopic": "$aws/iotfleetwise/vehicles/VEHICLE_ID_GOES_HERE/checkins",
      "certificateFilename": "path/to/my-certificate.pem.crt",
      "privateKeyFilename": "path/to/my-private.pem.key"
    },
    "credentialsProvider": {
      "endpointUrl": "my-endpoint.credentials.iot.my-region.amazonaws.com",
      "roleAlias": "my-role-alias"
    },
    "s3Upload": {
      "maxEnvelopeSize": 104857600,
      "multipartSize": 5242880,
      "maxConnections": 2
    },
    "visionSystemDataCollection": {
      "rawDataBuffer": {
        "maxSize": 1073741824,
        "reservedSizePerSignal": 5242880
      }
    }
  }
}
